chunk_content_id,rougel_score
0,0.9324324324324325
1,1.0
2,1.0
3,0.375
4,0.19101123595505617
5,1.0
6,0.3670886075949367
7,0.3333333333333333
8,0.6133333333333333
9,0.3793103448275862
10,1.0
11,1.0
12,1.0
13,1.0
14,1.0
15,0.45
16,1.0
17,1.0
18,0.23529411764705882
19,1.0
